First Name,Last Name,Student ID,Email,Sections,Status,Submission ID,Total Score,Max Points,Question 1 Score,Question 1 Weight,Question 1 Graded?,Question 1 Response,Question 1 Submitted At
Kadin,Zhang,E9051EF4-A403-11EB-8001-005056AE2541,kadinz@andrew.cmu.edu,10718-A,Graded,380915883,2.0,2.0,2.0,2.0,true,"This text seems to suggest that the only valuable contributions in ML are ones that scale, but this seems like an awfully pessimistic simplification. ",2026-01-15 08:46:52 -0800
Varshini,Elangovan,596558E4-104D-11F0-8001-005056AF7578,velangov@andrew.cmu.edu,10718-A,Graded,380839989,2.0,2.0,2.0,2.0,true,"1. The paper states ""in the long run it plateaus and even inhibits further progress"", it being building human knowledge into AI. But there is only so much search and learning through compute can grow before hitting a barrier. Wouldn't falling back to build human knowledge be the only solution then? 

2. LLMs today mostly reflect the same strategy of scaling by search and learning over knowledge acquisition. But RLHF has been one of the driving forces behind LLM advancements in the past few years, does this violate the Bitter Lesson?
",2026-01-14 20:04:44 -0800
Neal,Sodhi,E63D918A-B7BA-11EC-8001-005056AE2541,nsodhi@andrew.cmu.edu,10718-A,Graded,380912495,2.0,2.0,2.0,2.0,true,"Interestingly, continuing on the chess example, Stockfish, one of the most prominent chess engines today, used to use human written evaluation functions until very recently. These evaluation functions were meant to guide the engine's move search. In 2020, they began to move away from using it, and by 2023, it was replaced altogether by a neural network based representation of evaluating various chess positions, demonstrating that this is still a relevant problem in game-playing even nowadays.",2026-01-15 08:26:53 -0800
Ryan,Lau,951B723C-9DA2-11EB-8001-005056AE2541,rwlau@andrew.cmu.edu,10718-A,Graded,380883561,2.0,2.0,2.0,2.0,true,Are there current methods if any that allows for domain knowledge to be incorporated without blocking scalability and generalizability?,2026-01-15 05:39:33 -0800
Nuoya,Xiong,E9763736-FE1B-11EE-8000-005056AE2541,nuoyax@andrew.cmu.edu,10718-A,Graded,380893404,2.0,2.0,2.0,2.0,true,How can we incorporate human knowledge in a way that does not prevent methods from scaling with computation?,2026-01-15 06:49:00 -0800
Zhanqiu,Guo,E45F95E6-0615-11F0-8001-005056AF7578,zhanqiug@andrew.cmu.edu,10718-A,Graded,380895967,2.0,2.0,2.0,2.0,true,"Is there a distinction between 'human knowledge' and 'inductive bias,' and if so, does the Bitter Lesson apply equally to both?",2026-01-15 07:07:05 -0800
Zachary,Gelman,F1227636-9A4F-11EA-8001-005056AE2541,zgelman@andrew.cmu.edu,10718-A,Graded,380836158,2.0,2.0,2.0,2.0,true,"It is a bitter lesson that scaling beats everything else, and I do find it disappointing, but I find it difficult to come to a satisfying reason for WHY I find it disappointing. It might just be latent Luddite tendencies of mine.",2026-01-14 19:36:08 -0800
Manan,Agarwal,CA229756-0227-11F0-8001-005056AF7578,mananaga@andrew.cmu.edu,10718-A,Graded,380793740,2.0,2.0,2.0,2.0,true,"The Bitter Lesson relies heavily on continued gains from scaling computation, historically justified by Moore’s Law. As Moore’s Law slows and high-quality data (e.g., the Internet) becomes a bottleneck, does this challenge the long-term validity of the Bitter Lesson? Does progress now require more human ingenuity rather than simply more scaling?",2026-01-14 14:53:50 -0800
Jixuan,Leng,4863F372-E752-11EE-8001-005056AE2541,jixuanl@andrew.cmu.edu,10718-A,Graded,380772847,2.0,2.0,2.0,2.0,true,"The bitter lesson argues that general methods that scale with computation inevitably outperform approaches that incorporate human knowledge. But does this still hold when success if not defined merely by performance, but also by safety, reliability, and accountability (as discussed in the first AI paper)?",2026-01-14 13:13:04 -0800
Johnna,Sundberg,1127FB36-E57A-11ED-8001-005056AE2541,jsundber@andrew.cmu.edu,10718-A,Graded,380915057,2.0,2.0,2.0,2.0,true,"In some domains, ML progress has seemingly plateaued (e.g. tree methods combined with extensive feature engineering often work best on tabular datasets). How does this relate to the bitter lesson?",2026-01-15 08:43:54 -0800
Maitreyi,Swaroop,209A22EC-F640-11EE-8001-005056AE2541,mswaroop@andrew.cmu.edu,10718-A,Graded,380898624,2.0,2.0,2.0,2.0,true,"The essay depends heavily on continued exponential growth in compute. What happens to AI research methodology if compute growth slowed dramatically (either due to us hitting a fundamental ceiling, or due to policy restrictions)? Does domain knowledge become useful again? The essay seems to say that we should just wait till compute improves again, but that would not make sense if the stall lasts decades, and we can see improvement (albeit temporary) by leveraging human knowledge.",2026-01-15 07:23:32 -0800
Sukjun,Hwang,CAC4EE44-C21D-11ED-8001-005056AE2541,sukjunh@andrew.cmu.edu,10718-A,Graded,380889578,2.0,2.0,2.0,2.0,true,What counts as “human knowledge baked in” versus “general method” in that domain?,2026-01-15 06:32:02 -0800
Poornash,Anandan Sangeetha,997BB810-1A84-11F0-8001-005056AF7578,aanandan@andrew.cmu.edu,10718-A,Graded,380796514,2.0,2.0,2.0,2.0,true,"What research directions in today’s LLM and agent ecosystems are likely to become the new “bitter lessons,” delivering short-term wins that will not scale with increasing compute, and, in the context of AGI, should we expect continued scaling of general-purpose learning and search to be sufficient on its own, or will attaining AGI inevitably require integrating substantial human knowledge or other forms of non-scaling structure?",2026-01-14 15:09:21 -0800
Dani,Roytburg,BDA45134-06DE-11F0-8001-005056AF7578,droytbur@andrew.cmu.edu,10718-A,Graded,380896574,2.0,2.0,2.0,2.0,true,"Is there a point at which the logic of the bitter lesson starts to fold in on itself? 

The first priors to go are static parameters -- domain-expert initializations, pre-defined transition matrices and policy maps, trees and linear hypotheses and the like. Soon after, domain-informed initializations go away, as posterior updates force a maximally likely distribution which may not align with conventional human knowledge.

Then, the architectures are at risk. The bi-affine LSTM model built for a single classification task gives way to ELMO, then BERT for better pre-trained representations. Soon, the bi-affine structure is lost entirely and researchers simply fine-tune the biggest classifiers for the best performance. Models tailor-made for a specific task begin to lose to others which are simply bigger and incorporate their data into a black-box manifold.

Now, it seems like tasks themselves have become abstracted. Modalities bleed into one another (vision tokens! Graph diffusion! LLM policy planner!), to say nothing of the near-total annihilation of the encoder in modern research (""lets just ask ChatGPT to do the named entity recognition for us!""). 

Is that all? No, there is more to be abstracted away:
1. Data: curated datasets, billion-dollar contracts with Scale and Mercor, synthetic generation -- all of it is racket attempting to push language models into more sophisticated representation spaces; the LLM equivalent of private school. It works on benchmarks, but does it work on the streets? Rich Sutton suggested something to this effect at NeurIPS last month when he introduced the ""OaK Architecture"", where all training, planning, pattern matching, abstraction discovery, etc. must be continual and experience-grounded. Experience, Sutton argues, is the best teacher. For embodied agents, achieving a coherent, long-context training arc remains difficult (throwback to NELL!). But it is an exciting proposition, one which contravenes many current industry and academic trends, and one which *certainly* removes the ""data"" prior.
2. Objective functions and optimizers: the part of machine learning which most often becomes an ""art instead of a science."" Already, we have seen some erosion of this with simple cross-entropy loss (see architectures), but careful craft remains important for scaling multi-agent reinforcement learning in equilibria-minded manners. What would it mean to abstract this out to completion?
3. Hardware: do memory and processing need to be distinct things? Could some future hardware allow a learned system to manage and allocate these resources dynamically? Already, these things are interwoven, and arguably separate in the human cortex as well. 
4. The people who run the system: eventually (arguably sooner rather than later), we will build recursive self-improvement -- automated AI research producing an ICLR's worth of ideas per day in a data center (some would cry mode collapse, but it seems like humans have already achieved it), trying every idea and evolving into next states like a QD search or other genetic algorithm. The current LLM training process is still, secretly, filled with priors (PPO v. DPO v. SimPO, when to switch between SFT on reasoning v. exploration with RLVR, how to tune temperature and sampling for test-time compute scaling). This is arguably the worst of all, because the original ""intent"" of innovation and building has completely collapsed -- arguably, the last prior standing will be why we chose to do this in the first place.

I ask these questions because I believe that questions in AI Safety, Ethics and Alignment offer the fundamental answers we need for this otherwise self-fulfilling prophecy. Ultimately, a prior comes from a purpose, a human will or intuition. How do we maintain that level of control, some measure of empowerment, as inertia against the desire to grow capabilities, improve on benchmarks, integrate in the real world, continually learn forever and ever? It is not just a social answer (ban AGI!) but a deeply objective one, requiring us to walk back on the number of decisions we've delegated to reward maximization; not for the sake of better models, but for the sake of human agency.",2026-01-15 07:10:07 -0800
Preetika,Verma,B9EC320C-0227-11F0-8001-005056AF7578,preetikv@andrew.cmu.edu,10718-A,Graded,380857080,2.0,2.0,2.0,2.0,true,"One limitation of the Bitter Lesson is the practical mismatch for engineering teams that need to ship systems under fixed compute and time constraints. For example, autonomous vehicles have human-designed structure and heuristics that are required to make the vehicle safe and reliable. In this sense, the Bitter Lesson becomes less applicable to practical deployments and to smaller companies and labs that don’t have access to large compute resources.",2026-01-14 22:17:15 -0800
Yuchen,Shen,F12F10DE-C478-11ED-8001-005056AE2541,yuchens3@andrew.cmu.edu,10718-A,Graded,380901760,1.0,2.0,1.0,2.0,true,"How to find the ""general purpose methods""?",2026-01-15 07:42:04 -0800
Aditya,Mittal,D7BDA156-C6C2-11EC-8001-005056AE2541,akmittal@andrew.cmu.edu,10718-A,Graded,380938975,2.0,2.0,2.0,2.0,true,What parts of human reasoning appear too complex to encode directly?,2026-01-15 10:45:30 -0800
Akaash,Parthasarathy,D7969620-0615-11F0-8001-005056AF7578,arpartha@andrew.cmu.edu,10718-A,Graded,380898779,2.0,2.0,2.0,2.0,true,"1. The essay argues that, over long horizons, “general methods leveraging computation” dominate because compute becomes cheaper and more available. If Moore’s law-like scaling slows or shifts to more expensive regimes, what parts of the argument remain valid, and what parts break down?
2. The essay suggests we should build in “meta-methods” that can inherently discover complexity rather than building in our own discoveries. Where should we draw the line between acceptable built-ins and human-centric knowledge that risks locking in the wrong abstractions?",2026-01-15 07:25:04 -0800
Sheel,Shah,5A8A8D14-11DF-11F0-8001-005056AF7578,sheels@andrew.cmu.edu,10718-A,Graded,380665674,2.0,2.0,2.0,2.0,true,"In principal, the bitter lesson argues that any human-priors are a bottleneck to a system having super-human performance. Yet, in my opinion, a human prior serves as a great starting point to build off of. Eg. doing RLVR on an LLM trained on human data is better than starting from scratch.",2026-01-14 01:07:02 -0800
Yixi,Zhao,4E14E4BA-FCB0-11EF-8001-005056AF7578,yixiz@andrew.cmu.edu,10718-A,Graded,380901777,2.0,2.0,2.0,2.0,true,"The author's point has been proven by the ever scaling models and data used to trained those models and the diminishing human prior injected in big machine learning systems, although smaller systems might still take advantage of it. His take on the nature of the use of domain knowledge is insightful: it's to cap machine's reasoning/perceptual capability to ours, despite the endlessly complex outer world. Nowadays, human prior exists in small systems and as the intuition for the ""meta-methods"", such as the attention mechanism.",2026-01-15 07:42:16 -0800
Fahim,Tajwar,632F3B70-DD9F-11ED-8001-005056AE2541,ftajwar@andrew.cmu.edu,10718-A,Graded,380893023,2.0,2.0,2.0,2.0,true,"While I agree with the general premise, sometimes additional complexity is necessary for better ML methods. For example, I can think about convolutional networks vs fully connected networks. While fully connected networks are simpler, they are abandoned for convolutional networks for image classification.

So a better way to probably think about this is ""only complexity that scales better with data should be considered"". In light of this, how should researchers propose new methods/think about every bit of additional complexity they add to their new methods? What evidence would justify such complexity?",2026-01-15 06:45:21 -0800
Aditya,Subramanian,B52AACB2-054C-11F0-8001-005056AF7578,asubram3@andrew.cmu.edu,10718-A,Graded,380867158,2.0,2.0,2.0,2.0,true,"I tend to agree with most of the post. However, I don't think it's correct to dismiss the intuitions of the researchers in favor of empirical results.  Although Deep Blue's empirical results were technically brilliant, in the sense that they revealed how far simple alpha-beta search methods and hand-tuned heuristics could go, I would say complaints at the time that Deep Blue's methods were clearly not ""correct"" in the intuitive sense were entirely justified. In fact, it could be argued that it is the same empirical victories that tout ""inhuman"" and inefficient algorithms that result in a saturation of ideas due to the allure of measurable progress.",2026-01-15 00:10:29 -0800
Shikha,Bhat,9DA8ED1E-0615-11F0-8001-005056AF7578,sgbhat@andrew.cmu.edu,10718-A,Graded,380912597,2.0,2.0,2.0,2.0,true,"This text suggests that researchers waste time on human-knowledge approaches when they should focus on scalable computation. But doesn't this lead to enormous resource wastage?Training increasingly large models that consume massive energy and computational resources is not sustainable after a point. Is the bitter lesson contingent on Moore's Law continuing indefinitely, or do physical and environmental limits force us back toward efficiency and human knowledge?

The author says that we want ""AI agents that can discover like we can, not which contain what we have discovered."" But if AI systems discover things through methods completely different from human reasoning (pure statistical pattern-matching at scale), can we trust or validate the discoveries if we cannot explain them ourselves? How can we ensure these systems haven't learned bad correlations or developed solutions that work in training but fail in novel situations? 
I feel like here, the bitter lesson conflicts with the need for interpretable, trustworthy AI, which we ultimately need because we are the ones using it in the end. We still need human domain experts to validate that the system is learning the right things.",2026-01-15 08:27:49 -0800
Aditya,Katkuri,778ABC92-F01D-11EF-8001-005056AF7578,akatkuri@andrew.cmu.edu,10718-A,Graded,380839838,2.0,2.0,2.0,2.0,true,"1. If the most effective AI systems are those that ignore human designed structures in favour of massive search and learning, does the bitter lesson imply that AI interpretability is fighting a losing battle?

2. What changes to benchmarks, funding and publication norms would reward approaches that scale with compute rather than ones that get short term gains from hand engineered domain knowledge?",2026-01-14 20:03:23 -0800
Olivia,Cheng,FD9033EA-0615-11F0-8001-005056AF7578,ogc@andrew.cmu.edu,10718-A,Graded,380804179,2.0,2.0,2.0,2.0,true,"I think it's interesting that this was written in 2019 before language-based foundation models became popular. In some ways, the popularity of foundation models that can be fine-tuned for particular tasks clearly support the argument here. They are general methods, and they leverage computation, both for training and inference. 

Sutton says the two methods that seem to scale arbitrarily are search and learning. Clearly, foundation models heavily rely on learning. My question is, do foundation models support the idea that search is as important as learning? Or do foundation models show that learning has passed search in importance?",2026-01-14 15:55:03 -0800
Prina,Doshi,19A98460-A192-11EB-8001-005056AE2541,phdoshi@andrew.cmu.edu,10718-A,Graded,380914389,2.0,2.0,2.0,2.0,true,"Historically, researchers may struggle to keep up a theoretical understanding of compute-focused methods as they progresses quickly. For example, deep neural networks and transformers can lack interpretability and, which can make accountability and oversight difficult. Are these concerns worth slowing progress, or should they naturally occur at a much slower scale? ",2026-01-15 08:37:09 -0800
Oliver,Zhang,B1CE6F2C-B496-11EC-8001-005056AE2541,tiannanz@andrew.cmu.edu,10718-A,Missing,,,2.0
Natalie,Sarabosing,1C4D191C-BAE0-11EC-8001-005056AE2541,nsarabos@andrew.cmu.edu,10718-A,Missing,,,2.0
Julia,Liu,E68C3646-83E9-11EC-8001-005056AE2541,juliahul@andrew.cmu.edu,10718-A,Missing,,,2.0
Ritabrata,Ray,C294B2F4-38F8-11EC-8001-FFFF26E713AC,ritabrar@andrew.cmu.edu,10718-A,Missing,,,2.0
Andrew,Zigerelli,451EDFCA-F5EE-11E3-8000-00144F799A7A,anz37@andrew.cmu.edu,10718-A,Missing,,,2.0
Qiuhong Anna,Wei,E15F7EDE-06A6-11EF-8001-005056AE2541,qiuhongw@andrew.cmu.edu,10718-A,Missing,,,2.0
Yixin,Dong,2D0233C0-FD53-11EE-8000-005056AE2541,yixind@andrew.cmu.edu,10718-A,Missing,,,2.0
Lex,Lei,75454472-054C-11F0-8001-005056AF7578,lexl@andrew.cmu.edu,10718-A,Missing,,,2.0
Jaskaran,Walia,808F6D4E-054C-11F0-8001-005056AF7578,jwalia@andrew.cmu.edu,10718-A,Missing,,,2.0
Arnav,Goel,3F831D48-1116-11F0-8001-005056AF7578,arnavgoe@andrew.cmu.edu,10718-A,Missing,,,2.0
Krish,Vijayan,C5BB4FD4-E38A-11EF-8001-005056AF7578,krishv@andrew.cmu.edu,10718-A,Missing,,,2.0
