First Name,Last Name,Student ID,Email,Sections,Status,Submission ID,Total Score,Max Points,Question 1.1 Score,Question 1.1 Weight,Question 1.1 Graded?,Question 1.1 Response,Question 1.1 Submitted At,Question 2 Score,Question 2 Weight,Question 2 Graded?,Question 2 Response,Question 2 Submitted At
Yixi,Zhao,4E14E4BA-FCB0-11EF-8001-005056AF7578,yixiz@andrew.cmu.edu,10718-A,Ungraded,392485441,0.0,7.0,,7.0,false,"{""0""=>[{""text_file_id""=>932425199}]}",2026-02-24 11:58:43 -0800,0.0,0.0,true,2,2026-02-24 11:58:50 -0800
Julia,Liu,E68C3646-83E9-11EC-8001-005056AE2541,juliahul@andrew.cmu.edu,10718-A,Ungraded,392485441,0.0,7.0,,7.0,false,"{""0""=>[{""text_file_id""=>932425199}]}",2026-02-24 11:58:43 -0800,0.0,0.0,true,2,2026-02-24 11:58:50 -0800
Sheel,Shah,5A8A8D14-11DF-11F0-8001-005056AF7578,sheels@andrew.cmu.edu,10718-A,Ungraded,392496644,0.0,7.0,,7.0,false,"{""0""=>[{""text_file_id""=>932434123}]}",2026-02-24 12:21:58 -0800,0.0,0.0,true,3,2026-02-24 12:22:09 -0800
Saksham,Singh,43423C4A-FF03-11EF-8001-005056AF7578,saksham3@andrew.cmu.edu,10718-A,Ungraded,392496644,0.0,7.0,,7.0,false,"{""0""=>[{""text_file_id""=>932434123}]}",2026-02-24 12:21:58 -0800,0.0,0.0,true,3,2026-02-24 12:22:09 -0800
Manan,Agarwal,CA229756-0227-11F0-8001-005056AF7578,mananaga@andrew.cmu.edu,10718-A,Ungraded,392496644,0.0,7.0,,7.0,false,"{""0""=>[{""text_file_id""=>932434123}]}",2026-02-24 12:21:58 -0800,0.0,0.0,true,3,2026-02-24 12:22:09 -0800
Jaskaran,Walia,808F6D4E-054C-11F0-8001-005056AF7578,jwalia@andrew.cmu.edu,10718-A,Ungraded,392485423,0.0,7.0,,7.0,false,"{""1""=>""https://prezi.com/view/wSAPgyJoSMSB8yCltjaJ/\n""}",2026-02-24 11:58:43 -0800,0.0,0.0,true,2,2026-02-24 11:58:49 -0800
Zachary,Gelman,F1227636-9A4F-11EA-8001-005056AE2541,zgelman@andrew.cmu.edu,10718-A,Ungraded,392485423,0.0,7.0,,7.0,false,"{""1""=>""https://prezi.com/view/wSAPgyJoSMSB8yCltjaJ/\n""}",2026-02-24 11:58:43 -0800,0.0,0.0,true,2,2026-02-24 11:58:49 -0800
Olivia,Cheng,FD9033EA-0615-11F0-8001-005056AF7578,ogc@andrew.cmu.edu,10718-A,Ungraded,392270210,0.0,7.0,,7.0,false,"{""1""=>""https://docs.google.com/presentation/d/1_oH4L7Fepu-YQVborZdPIsymHbPesmyLclMaezRFxHw/edit?usp=sharing""}",2026-02-23 19:00:19 -0800,0.0,0.0,true,1,2026-02-23 19:00:21 -0800
Aditya,Mittal,D7BDA156-C6C2-11EC-8001-005056AE2541,akmittal@andrew.cmu.edu,10718-A,Ungraded,392432184,0.0,7.0,,7.0,false,"{""1""=>""https://docs.google.com/presentation/d/1uwmo2xp2yqpKqfkNyV0n05w2o9AQ-zplRysur9ykgVE/edit?usp=sharing""}",2026-02-24 09:38:39 -0800,0.0,0.0,true,3,2026-02-24 09:38:39 -0800
Dani,Roytburg,BDA45134-06DE-11F0-8001-005056AF7578,droytbur@andrew.cmu.edu,10718-A,Ungraded,392432184,0.0,7.0,,7.0,false,"{""1""=>""https://docs.google.com/presentation/d/1uwmo2xp2yqpKqfkNyV0n05w2o9AQ-zplRysur9ykgVE/edit?usp=sharing""}",2026-02-24 09:38:39 -0800,0.0,0.0,true,3,2026-02-24 09:38:39 -0800
Prina,Doshi,19A98460-A192-11EB-8001-005056AE2541,phdoshi@andrew.cmu.edu,10718-A,Ungraded,392432184,0.0,7.0,,7.0,false,"{""1""=>""https://docs.google.com/presentation/d/1uwmo2xp2yqpKqfkNyV0n05w2o9AQ-zplRysur9ykgVE/edit?usp=sharing""}",2026-02-24 09:38:39 -0800,0.0,0.0,true,3,2026-02-24 09:38:39 -0800
Natalie,Sarabosing,1C4D191C-BAE0-11EC-8001-005056AE2541,nsarabos@andrew.cmu.edu,10718-A,Ungraded,392691687,0.0,7.0,,7.0,false,"{""1""=>""https://www.figma.com/deck/bikVGgCbEgMTotwoUK3mRo""}",2026-02-24 21:49:40 -0800,0.0,0.0,true,1,2026-02-24 21:49:40 -0800
Jixuan,Leng,4863F372-E752-11EE-8001-005056AE2541,jixuanl@andrew.cmu.edu,10718-A,Ungraded,392476375,0.0,7.0,,7.0,false,"{""0""=>[{""text_file_id""=>932412234}]}",2026-02-24 11:36:54 -0800,0.0,0.0,true,1,2026-02-24 11:36:54 -0800
Johnna,Sundberg,1127FB36-E57A-11ED-8001-005056AE2541,jsundber@andrew.cmu.edu,10718-A,Ungraded,392483133,0.0,7.0,,7.0,false,"{""0""=>[{""text_file_id""=>932422847}]}",2026-02-24 11:52:54 -0800,0.0,0.0,true,1,2026-02-24 11:52:52 -0800
Yuchen,Shen,F12F10DE-C478-11ED-8001-005056AE2541,yuchens3@andrew.cmu.edu,10718-A,Ungraded,392109740,0.0,7.0,,7.0,false,"{""1""=>""https://docs.google.com/presentation/d/1X6QINdeK0JiqHsbvV_aSiol7n8UgOu0N3KyO5ZyapFE/edit?usp=sharing""}",2026-02-23 11:38:23 -0800,0.0,0.0,true,1,2026-02-23 11:38:24 -0800
Fahim,Tajwar,632F3B70-DD9F-11ED-8001-005056AE2541,ftajwar@andrew.cmu.edu,10718-A,Ungraded,392495420,-0.0001,7.0,,7.0,false,"{""1""=>""https://docs.google.com/presentation/d/1X0iBq4z-sWnwm1ZrvrQA4UlSOQfJ0YrMyR2K3OPuoMY/edit?usp=sharing""}",2026-02-24 12:19:09 -0800,-0.0001,0.0,true,,2026-02-24 12:19:09 -0800
Maitreyi,Swaroop,209A22EC-F640-11EE-8001-005056AE2541,mswaroop@andrew.cmu.edu,10718-A,Ungraded,392495420,-0.0001,7.0,,7.0,false,"{""1""=>""https://docs.google.com/presentation/d/1X0iBq4z-sWnwm1ZrvrQA4UlSOQfJ0YrMyR2K3OPuoMY/edit?usp=sharing""}",2026-02-24 12:19:09 -0800,-0.0001,0.0,true,,2026-02-24 12:19:09 -0800
Sukjun,Hwang,CAC4EE44-C21D-11ED-8001-005056AE2541,sukjunh@andrew.cmu.edu,10718-A,Ungraded,392495420,-0.0001,7.0,,7.0,false,"{""1""=>""https://docs.google.com/presentation/d/1X0iBq4z-sWnwm1ZrvrQA4UlSOQfJ0YrMyR2K3OPuoMY/edit?usp=sharing""}",2026-02-24 12:19:09 -0800,-0.0001,0.0,true,,2026-02-24 12:19:09 -0800
Preetika,Verma,B9EC320C-0227-11F0-8001-005056AF7578,preetikv@andrew.cmu.edu,10718-A,Ungraded,392432034,0.0,7.0,,7.0,false,"{""1""=>""https://docs.google.com/presentation/d/1oo1spUGW0mR7p1WAP7huIMn3buo_aN_h3KVEIauIB_A/edit?usp=sharing""}",2026-02-24 09:38:20 -0800,0.0,0.0,true,3,2026-02-24 09:38:22 -0800
Varshini,Elangovan,596558E4-104D-11F0-8001-005056AF7578,velangov@andrew.cmu.edu,10718-A,Ungraded,392432034,0.0,7.0,,7.0,false,"{""1""=>""https://docs.google.com/presentation/d/1oo1spUGW0mR7p1WAP7huIMn3buo_aN_h3KVEIauIB_A/edit?usp=sharing""}",2026-02-24 09:38:20 -0800,0.0,0.0,true,3,2026-02-24 09:38:22 -0800
Shikha,Bhat,9DA8ED1E-0615-11F0-8001-005056AF7578,sgbhat@andrew.cmu.edu,10718-A,Ungraded,392432034,0.0,7.0,,7.0,false,"{""1""=>""https://docs.google.com/presentation/d/1oo1spUGW0mR7p1WAP7huIMn3buo_aN_h3KVEIauIB_A/edit?usp=sharing""}",2026-02-24 09:38:20 -0800,0.0,0.0,true,3,2026-02-24 09:38:22 -0800
Yixin,Dong,2D0233C0-FD53-11EE-8000-005056AE2541,yixind@andrew.cmu.edu,10718-A,Ungraded,392499809,0.0,7.0,,7.0,false,"{""0""=>[{""text_file_id""=>932436746}]}",2026-02-24 12:28:21 -0800,0.0,0.0,true,2,2026-02-24 12:28:21 -0800
Akaash,Parthasarathy,D7969620-0615-11F0-8001-005056AF7578,arpartha@andrew.cmu.edu,10718-A,Ungraded,392499809,0.0,7.0,,7.0,false,"{""0""=>[{""text_file_id""=>932436746}]}",2026-02-24 12:28:21 -0800,0.0,0.0,true,2,2026-02-24 12:28:21 -0800
Nuoya,Xiong,E9763736-FE1B-11EE-8000-005056AE2541,nuoyax@andrew.cmu.edu,10718-A,Ungraded,392499694,0.0,7.0,,7.0,false,"{""1""=>""https://docs.google.com/presentation/d/1X2BKQCDhdYAFw2uvLIj8IYkzovvTPyqxoRFru3qKCrM/edit?usp=sharing""}",2026-02-24 12:27:55 -0800,0.0,0.0,true,2,2026-02-24 12:27:57 -0800
Qiuhong Anna,Wei,E15F7EDE-06A6-11EF-8001-005056AE2541,qiuhongw@andrew.cmu.edu,10718-A,Ungraded,392499694,0.0,7.0,,7.0,false,"{""1""=>""https://docs.google.com/presentation/d/1X2BKQCDhdYAFw2uvLIj8IYkzovvTPyqxoRFru3qKCrM/edit?usp=sharing""}",2026-02-24 12:27:55 -0800,0.0,0.0,true,2,2026-02-24 12:27:57 -0800
Zhanqiu,Guo,E45F95E6-0615-11F0-8001-005056AF7578,zhanqiug@andrew.cmu.edu,10718-A,Ungraded,392477637,0.0,7.0,,7.0,false,"{""0""=>[{""text_file_id""=>932416036}], ""1""=>""https://docs.google.com/presentation/d/1v2ov6eqKtgH1zApE_nMwpcZaN2s_Wv8WwaZ1pKbmLUM/edit""}",2026-02-24 11:39:53 -0800,0.0,0.0,true,2,2026-02-24 11:39:54 -0800
Neal,Sodhi,E63D918A-B7BA-11EC-8001-005056AE2541,nsodhi@andrew.cmu.edu,10718-A,Ungraded,392477637,0.0,7.0,,7.0,false,"{""0""=>[{""text_file_id""=>932416036}], ""1""=>""https://docs.google.com/presentation/d/1v2ov6eqKtgH1zApE_nMwpcZaN2s_Wv8WwaZ1pKbmLUM/edit""}",2026-02-24 11:39:53 -0800,0.0,0.0,true,2,2026-02-24 11:39:54 -0800
Kadin,Zhang,E9051EF4-A403-11EB-8001-005056AE2541,kadinz@andrew.cmu.edu,10718-A,Ungraded,392474829,0.0,7.0,,7.0,false,"{""1""=>""https://docs.google.com/presentation/d/1rtSI2v8HTBj-wqh25nb_LM65NqQpUARkyEYSU4sofyA/edit?slide=id.g3cacd1eb159_0_140#slide=id.g3cacd1eb159_0_140""}",2026-02-24 11:33:02 -0800,0.0,0.0,true,2,2026-02-24 11:33:00 -0800
Ryan,Lau,951B723C-9DA2-11EB-8001-005056AE2541,rwlau@andrew.cmu.edu,10718-A,Ungraded,392474829,0.0,7.0,,7.0,false,"{""1""=>""https://docs.google.com/presentation/d/1rtSI2v8HTBj-wqh25nb_LM65NqQpUARkyEYSU4sofyA/edit?slide=id.g3cacd1eb159_0_140#slide=id.g3cacd1eb159_0_140""}",2026-02-24 11:33:02 -0800,0.0,0.0,true,2,2026-02-24 11:33:00 -0800
Aditya,Katkuri,778ABC92-F01D-11EF-8001-005056AF7578,akatkuri@andrew.cmu.edu,10718-A,Ungraded,392392485,0.0,7.0,,7.0,false,"{""1""=>""https://docs.google.com/presentation/d/1ZCYL498oMw9_zKiMQJSQhwt7BXlWmH2lzg3S35tj-10/edit?usp=sharing""}",2026-02-24 07:21:44 -0800,0.0,0.0,true,3,2026-02-24 07:21:44 -0800
Shreyas,Kowshik,BE032C1A-054C-11F0-8001-005056AF7578,skowshik@andrew.cmu.edu,10718-A,Ungraded,392392485,0.0,7.0,,7.0,false,"{""1""=>""https://docs.google.com/presentation/d/1ZCYL498oMw9_zKiMQJSQhwt7BXlWmH2lzg3S35tj-10/edit?usp=sharing""}",2026-02-24 07:21:44 -0800,0.0,0.0,true,3,2026-02-24 07:21:44 -0800
Poornash,Anandan Sangeetha,997BB810-1A84-11F0-8001-005056AF7578,aanandan@andrew.cmu.edu,10718-A,Ungraded,392392485,0.0,7.0,,7.0,false,"{""1""=>""https://docs.google.com/presentation/d/1ZCYL498oMw9_zKiMQJSQhwt7BXlWmH2lzg3S35tj-10/edit?usp=sharing""}",2026-02-24 07:21:44 -0800,0.0,0.0,true,3,2026-02-24 07:21:44 -0800
