First Name,Last Name,Student ID,Email,Sections,Status,Submission ID,Total Score,Max Points,Question 1 Score,Question 1 Weight,Question 1 Graded?,Question 1 Response,Question 1 Submitted At
Varshini,Elangovan,596558E4-104D-11F0-8001-005056AF7578,velangov@andrew.cmu.edu,10718-A,Graded,381490898,2.0,2.0,2.0,2.0,true,"The paper presents multiple important components in a well tied workflow that are hugely beneficial to debugging data pipelines. One of the debugging primitives I found particularly relevant was the data generalization aspect - this allows for gathering similar data points and studying possible outliers and errors in data. An addition on top of this primitive might be the ability to introduce a completely new feature with fabricated information or modify an existing feature with synthetically generated data to further understand how pipelines might be affected by changes to base data. This adds the option for a ""What-If"" analysis, supported by introducing counterfactual information. ",2026-01-19 12:09:20 -0800
Aditya,Katkuri,778ABC92-F01D-11EF-8001-005056AF7578,akatkuri@andrew.cmu.edu,10718-A,Graded,381620378,2.0,2.0,2.0,2.0,true,"1. How does Dagger define similarity automatically? Does it rely only on user defined distance functions or does it have heuristics to automatically detect semantic similarity (as in, detecting that ""alpha"" and ""Alpha tech"" are similar without explicit rules)?

2. Modern data science often moves beyond single machine libraries to distributed frameworks like Apache Spark or Dask. How transferable is the delta logging and code tagging architecture to a distributed environment where data is partitioned across a cluster?",2026-01-20 08:11:11 -0800
Aditya,Mittal,D7BDA156-C6C2-11EC-8001-005056AE2541,akmittal@andrew.cmu.edu,10718-A,Graded,381322432,2.0,2.0,2.0,2.0,true,"In large, fast-moving pipelines, how realistic is this workflow, and what automation would you add so teams do not miss the exact points where data corruption begins?",2026-01-17 14:47:19 -0800
Fahim,Tajwar,632F3B70-DD9F-11ED-8001-005056AE2541,ftajwar@andrew.cmu.edu,10718-A,Graded,381518660,2.0,2.0,2.0,2.0,true,"DAGGER makes debugging large data science pipelines more systematic by exposing dependencies and provenance, but this added visibility can also introduce cognitive overhead for practitioners. What is the right balance between automation and human interpretation, and how might that balance shift as data science workflows become even more complex?",2026-01-19 15:16:42 -0800
Poornash,Anandan Sangeetha,997BB810-1A84-11F0-8001-005056AF7578,aanandan@andrew.cmu.edu,10718-A,Graded,381615873,2.0,2.0,2.0,2.0,true,"How would Dagger interact with privacy/compliance constraints, given that it stores intermediate data artifacts (potentially sensitive) for querying?",2026-01-20 07:53:47 -0800
Sheel,Shah,5A8A8D14-11DF-11F0-8001-005056AF7578,sheels@andrew.cmu.edu,10718-A,Graded,381289224,2.0,2.0,2.0,2.0,true,"This paper seems a little short-sighted in its scope to me. They focus primarily on data-pipelines and model training methods used during the time of writing, and I think they have missed designing robustness into the system for different pipeline styles in the future. For eg, the paper does not discuss scenarios when model training is a big multi-node task and even data is massive (much more than a single in-memory Pandas DataFrame). Companies also have mixed sources of data like SQL, JSON and Pandas/CSV and data scientists have to work with all these sources in a single pipeline.",2026-01-16 23:56:46 -0800
Natalie,Sarabosing,1C4D191C-BAE0-11EC-8001-005056AE2541,nsarabos@andrew.cmu.edu,10718-A,Graded,381533675,2.0,2.0,2.0,2.0,true,presenter,2026-01-19 17:18:47 -0800
Yixi,Zhao,4E14E4BA-FCB0-11EF-8001-005056AF7578,yixiz@andrew.cmu.edu,10718-A,Graded,381612227,2.0,2.0,2.0,2.0,true,"Dagger specifically targets tabular data, how can we adapt it to unstructured data, such as images and texts?",2026-01-20 07:30:55 -0800
Zachary,Gelman,F1227636-9A4F-11EA-8001-005056AE2541,zgelman@andrew.cmu.edu,10718-A,Graded,381626948,2.0,2.0,2.0,2.0,true,"This seems like a useful program, but I worry that it would in practice be equivalent to adding one more module to someones pipeline, complexity wise. Maybe a bit like the xkcd (fitting this class) about the different usb standards.",2026-01-20 08:45:30 -0800
Yuchen,Shen,F12F10DE-C478-11ED-8001-005056AE2541,yuchens3@andrew.cmu.edu,10718-A,Graded,381377167,2.0,2.0,2.0,2.0,true,Can the 4 proposed debugging primitives cover most or all of the debugging scenarios?,2026-01-18 13:02:13 -0800
Preetika,Verma,B9EC320C-0227-11F0-8001-005056AF7578,preetikv@andrew.cmu.edu,10718-A,Graded,381575758,2.0,2.0,2.0,2.0,true,"Instead of the human-in-the-loop setting, we should move towards future tools which automate this tagging to make these systems scalable.

",2026-01-19 23:01:46 -0800
Ryan,Lau,951B723C-9DA2-11EB-8001-005056AE2541,rwlau@andrew.cmu.edu,10718-A,Graded,381581080,2.0,2.0,2.0,2.0,true,How could such a method work with model or code versioning where the output dataframes that might be saved change with different model versions or architectures?,2026-01-20 00:01:19 -0800
Julia,Liu,E68C3646-83E9-11EC-8001-005056AE2541,juliahul@andrew.cmu.edu,10718-A,Graded,381482035,2.0,2.0,2.0,2.0,true,presenter,2026-01-19 10:48:44 -0800
Maitreyi,Swaroop,209A22EC-F640-11EE-8001-005056AE2541,mswaroop@andrew.cmu.edu,10718-A,Graded,381619167,2.0,2.0,2.0,2.0,true,"I noticed that this paper is from 2020 and has only 16 citations (which may be an imperfect measure of how much this pipeline has been adopted), assuming it to be a proxy of some usage measure - why have dagger/dagger-like-tools not been adopted more? My guess is that we as practitioners prefer more lightweight tools (like printing/plotting), and using something new like Postgres to just debug a python script creates an automatic barrier to usage?",2026-01-20 08:03:42 -0800
Prina,Doshi,19A98460-A192-11EB-8001-005056AE2541,phdoshi@andrew.cmu.edu,10718-A,Graded,381613624,2.0,2.0,2.0,2.0,true,How might this kind of system be useful in combination with a coding or web-agent / is it useful to go one step forward and also automate the assumptions and EDA that must be manually done?,2026-01-20 07:41:04 -0800
Shikha,Bhat,9DA8ED1E-0615-11F0-8001-005056AF7578,sgbhat@andrew.cmu.edu,10718-A,Graded,381620063,2.0,2.0,2.0,2.0,true,"I think the adoption barriers are high. It requires users to tag code blocks, learn DQL syntax, and set up a Postgres database for logging. If we use NLP to describe what we want, maybe it would be easier to use this tool.

Additionally, here the data scientists must manually specify breakpoints and debug queries by anticipating the quality issues upfront (which is the most essential part of debugging). Can we maybe come up with a system that automatically detects anomalies in the data and proactively flags potential data issues? ",2026-01-20 08:09:55 -0800
Akaash,Parthasarathy,D7969620-0615-11F0-8001-005056AF7578,arpartha@andrew.cmu.edu,10718-A,Graded,381568865,2.0,2.0,2.0,2.0,true,"1. How does Dagger prevent a combinatorial explosion of pipeline variants and redundant computation due to the use of the split primitive? Does it integrate some sort of caching of module outputs or lineage-based reuse?
2. What is the exact equivalence notion of the compare primitive? Does Dagger use bytewise equality, schema-aware matching, etc., and how does it deal with non-determinism in the pipeline?",2026-01-19 21:51:19 -0800
Johnna,Sundberg,1127FB36-E57A-11ED-8001-005056AE2541,jsundber@andrew.cmu.edu,10718-A,Graded,381621328,2.0,2.0,2.0,2.0,true,"Coming from industry, I can verify that we often would insert lots of assertion statements in code to make sure pipelines were implemented correctly and behaving as expected. The paper focuses only on the debugging aspect, but this also could certainly be useful in production (e.g. missing values in a column that never experienced missing values during training could cause errors and honestly if the task if high-stakes a prediction should probably not even be given, as in imagine a health prediction setting where one of the key features is missing for an individual, but someone naively put in a fillna median strategy across all columns then this may not be caught but lead to a poor decision). This was a bit of a ramble, but basically my experience aligns well with the authors observations: more errors are caused by unexpected data behavior and actually more performance gains stem from better preprocessing than better models (at least on tabular data).",2026-01-20 08:13:46 -0800
Jixuan,Leng,4863F372-E752-11EE-8001-005056AE2541,jixuanl@andrew.cmu.edu,10718-A,Graded,381570128,2.0,2.0,2.0,2.0,true,"How can the core abstractions and debugging primitives proposed in Dagger be extended or reinterpreted to support large-scale LLM pre/post training pipelines? In particular, what would constitute meaningful breakpoints, splits, and comparisons in the context of LLM training, and what new system-level challenges arise when applying data-centric debugging to probabilistic, non-deterministic models trained on evolving data.",2026-01-19 22:05:34 -0800
Dani,Roytburg,BDA45134-06DE-11F0-8001-005056AF7578,droytbur@andrew.cmu.edu,10718-A,Graded,381585461,2.0,2.0,2.0,2.0,true,"How does this pipeline-based approach look in the real world today? How much ``pipelining'' is automated by language models today, and furthermore what is the groundwork for foundation models on predictive, tabular systems to sweep this away?",2026-01-20 01:42:59 -0800
Olivia,Cheng,FD9033EA-0615-11F0-8001-005056AF7578,ogc@andrew.cmu.edu,10718-A,Graded,381559538,2.0,2.0,2.0,2.0,true,"In Figure 2, the use cases seem like things that it would be pretty straightforward to just write Python code for. I wonder, how popular is this tool? How do people feel about adopting this kind of tool vs writing your own tooling?",2026-01-19 20:36:37 -0800
Zhanqiu,Guo,E45F95E6-0615-11F0-8001-005056AF7578,zhanqiug@andrew.cmu.edu,10718-A,Graded,381600900,2.0,2.0,2.0,2.0,true,"How effective is Dagger at helping a user trace a data anomaly back to the specific line of code that caused it, rather than just identifying that the anomaly exists?",2026-01-20 06:22:11 -0800
Manan,Agarwal,CA229756-0227-11F0-8001-005056AF7578,mananaga@andrew.cmu.edu,10718-A,Graded,381534327,2.0,2.0,2.0,2.0,true,"As LLM coding agents become capable of reasoning over code and data invariants expressed in natural language, do database debuggers like Dagger still play an important role?",2026-01-19 17:23:00 -0800
Shreyas,Kowshik,BE032C1A-054C-11F0-8001-005056AF7578,skowshik@andrew.cmu.edu,10718-A,Graded,381622415,2.0,2.0,2.0,2.0,true,How scalable is this system when we also incorporate embedding based features in deep learning? Does it provide for tools to visualize say images/embedding similarities and so on for a deep learning based use case as well? How will delta logging perform in this case in particular?,2026-01-20 08:16:42 -0800
Sukjun,Hwang,CAC4EE44-C21D-11ED-8001-005056AE2541,sukjunh@andrew.cmu.edu,10718-A,Graded,381521869,2.0,2.0,2.0,2.0,true,"Given the storage/overhead tradeoff, what adaptive logging policy would preserve debuggability without turning the system into an expensive data warehouse of intermediates?",2026-01-19 15:42:18 -0800
Neal,Sodhi,E63D918A-B7BA-11EC-8001-005056AE2541,nsodhi@andrew.cmu.edu,10718-A,Graded,381623120,2.0,2.0,2.0,2.0,true,"After reading the paper I do wonder what design trade offs were made when implementing Dagger. How computationally fast is it at a low level? How does it compare with other data pipelines which have caught on better in the past few years, namely Polars (which is what comes to mind)?",2026-01-20 08:19:12 -0800
Kadin,Zhang,E9051EF4-A403-11EB-8001-005056AE2541,kadinz@andrew.cmu.edu,10718-A,Missing,,,2.0
Oliver,Zhang,B1CE6F2C-B496-11EC-8001-005056AE2541,tiannanz@andrew.cmu.edu,10718-A,Missing,,,2.0
Ritabrata,Ray,C294B2F4-38F8-11EC-8001-FFFF26E713AC,ritabrar@andrew.cmu.edu,10718-A,Missing,,,2.0
Andrew,Zigerelli,451EDFCA-F5EE-11E3-8000-00144F799A7A,anz37@andrew.cmu.edu,10718-A,Missing,,,2.0
Qiuhong Anna,Wei,E15F7EDE-06A6-11EF-8001-005056AE2541,qiuhongw@andrew.cmu.edu,10718-A,Missing,,,2.0
Nuoya,Xiong,E9763736-FE1B-11EE-8000-005056AE2541,nuoyax@andrew.cmu.edu,10718-A,Missing,,,2.0
Yixin,Dong,2D0233C0-FD53-11EE-8000-005056AE2541,yixind@andrew.cmu.edu,10718-A,Missing,,,2.0
Lex,Lei,75454472-054C-11F0-8001-005056AF7578,lexl@andrew.cmu.edu,10718-A,Missing,,,2.0
Jaskaran,Walia,808F6D4E-054C-11F0-8001-005056AF7578,jwalia@andrew.cmu.edu,10718-A,Missing,,,2.0
Arnav,Goel,3F831D48-1116-11F0-8001-005056AF7578,arnavgoe@andrew.cmu.edu,10718-A,Missing,,,2.0
Aditya,Subramanian,B52AACB2-054C-11F0-8001-005056AF7578,asubram3@andrew.cmu.edu,10718-A,Missing,,,2.0
Krish,Vijayan,C5BB4FD4-E38A-11EF-8001-005056AF7578,krishv@andrew.cmu.edu,10718-A,Missing,,,2.0
