First Name,Last Name,Student ID,Email,Sections,Status,Submission ID,Total Score,Max Points,Question 1 Score,Question 1 Weight,Question 1 Graded?,Question 1 Response,Question 1 Submitted At
Sukjun,Hwang,CAC4EE44-C21D-11ED-8001-005056AE2541,sukjunh@andrew.cmu.edu,10718-A,Graded,380889240,2.0,2.0,2.0,2.0,true,"What must be specified/validated before deployment (provenance, shift checks, utility functions, incentive alignment, failure modes)?",2026-01-15 06:30:19 -0800
Manan,Agarwal,CA229756-0227-11F0-8001-005056AF7578,mananaga@andrew.cmu.edu,10718-A,Graded,380796383,2.0,2.0,2.0,2.0,true,"Many medical errors stem from human limitations such as fatigue and imperfect judgment. What role can AI play in reducing these errors in tasks like diagnosis, treatment decisions, and risk evaluation? If the potential is significant, why do we still see relatively limited use of AI in everyday medical practice?",2026-01-14 15:09:02 -0800
Shikha,Bhat,9DA8ED1E-0615-11F0-8001-005056AF7578,sgbhat@andrew.cmu.edu,10718-A,Graded,380907496,2.0,2.0,2.0,2.0,true,"The author criticizes the current approach of ""gathering data, deploying deep learning infrastructure, and demonstrating systems that mimic narrowly-defined human skills with little in the way of emerging explanatory principles."" However, engineering and science has often historically progressed through empirical trial-and-error before theoretical principles emerged. Are we in an early phase where data-driven approaches will eventually lead to the explanatory principles the author talks about? Is this fundamentally the wrong path and should our focus really be only on the theory?
https://hdsr.mitpress.mit.edu/pub/wot7mkc1#t9e87b477g",2026-01-15 08:09:51 -0800
Preetika,Verma,B9EC320C-0227-11F0-8001-005056AF7578,preetikv@andrew.cmu.edu,10718-A,Graded,380861003,2.0,2.0,2.0,2.0,true,"With reference to “Intelligence Augmentation” described in the article, what should the true goal of AI systems be: replacing human decision-making or augmenting it?",2026-01-14 22:59:02 -0800
Fahim,Tajwar,632F3B70-DD9F-11ED-8001-005056AE2541,ftajwar@andrew.cmu.edu,10718-A,Graded,380893304,2.0,2.0,2.0,2.0,true,"What the public and much of industry calls “AI” today is largely machine learning (ML), not genuine artificial intelligence with human-like cognition. The real advance has been data-driven statistical methods and systems engineering, not a revolution in autonomous reasoning or general intelligence. There’s overhyping of AI’s capabilities in media and public discourse, creating confusion between marketing success and scientific revolution.

In light of all of these (given the limitation of this paper which doesn't discuss modern reasoning systems), what empirical metrics can distinguish between incremental engineering advances and genuine scientific revolutions in AI?",2026-01-15 06:47:55 -0800
Varshini,Elangovan,596558E4-104D-11F0-8001-005056AF7578,velangov@andrew.cmu.edu,10718-A,Graded,380842533,2.0,2.0,2.0,2.0,true,"How would the author would feel differently today about the progress in human-imitative AI? Would the progress in robotics be significant to change the author's opinion or are we still limited by the slow rise in accountability, interpretability and fairness? ",2026-01-15 08:29:18 -0800
Nuoya,Xiong,E9763736-FE1B-11EE-8000-005056AE2541,nuoyax@andrew.cmu.edu,10718-A,Graded,380893063,2.0,2.0,2.0,2.0,true,"If intelligence is not the main problem, what should we be focusing on instead?",2026-01-15 06:45:45 -0800
Akaash,Parthasarathy,D7969620-0615-11F0-8001-005056AF7578,arpartha@andrew.cmu.edu,10718-A,Graded,380899353,2.0,2.0,2.0,2.0,true,"1. In practice, how should human values/input be integrated into ML system design and evaluation? Should they be integrated as product requirements, as governance, as objective terms that must be optimized, or as audits post-deployment?
2. The essay claims we are missing an “engineering discipline” with principles of analysis and design for the socio-technical systems it describes. What would be the core abstractions of this proposed discipline (e.g.: reliability, robustness, incentive alignment, etc.)? How would we validate empirically that these ideas generalize across domains?",2026-01-15 07:31:19 -0800
Aditya,Subramanian,B52AACB2-054C-11F0-8001-005056AF7578,asubram3@andrew.cmu.edu,10718-A,Graded,380868668,2.0,2.0,2.0,2.0,true,"It is an interesting question to ask: what is the optimal, practical problem which ML can solve which would benefit society the most? Would current work on Language Models be in that list?",2026-01-15 01:25:54 -0800
Zhanqiu,Guo,E45F95E6-0615-11F0-8001-005056AF7578,zhanqiug@andrew.cmu.edu,10718-A,Graded,380898640,2.0,2.0,2.0,2.0,true,"Jordan strongly advocates IA (Intelligent Enhancement) rather than AI (Artificial Intelligence). However, in the real business logic, ""enhancing humans"" is often just a transitional stage of ""replacing humans"" (for instance, Code agent might eventually write all the code). Is Jordan's so-called IA and II (intelligent infrastructure) merely an illusory concept and IA will necessarily slide towards AI?",2026-01-15 07:23:46 -0800
Jixuan,Leng,4863F372-E752-11EE-8001-005056AE2541,jixuanl@andrew.cmu.edu,10718-A,Graded,380771865,2.0,2.0,2.0,2.0,true,"The author argues that what we commonly call ""AI"" today is not the emergence of human-like intelligence or a step toward AGI, but the development of large-scale inference and decision-making systems built from data, algorithms, and infrastructure. His concern is whether these systems can be engineered to be a reliable, context-aware, and accountable when they operate at societal scale. In contrast, contemporary discussions often describe AI agents as autonomous, goal-directed systems and often frame them as incremental steps toward AGI. This creates a tension with the author's implicit understanding of AGI as a human-imitative form of general intelligence rather than a system-level accumulation of capabilities. In this context, is pursuing AGI still a meaningful goal? If so, what purpose would AGI serve beyond increasingly powerful systems? Or more specifically, how would AGI behave differently from, or meaningfully outperform, large-scale agentic and infrastructural systems?",2026-01-14 13:06:09 -0800
Poornash,Anandan Sangeetha,997BB810-1A84-11F0-8001-005056AF7578,aanandan@andrew.cmu.edu,10718-A,Graded,380825805,2.0,2.0,2.0,2.0,true,"The article emphasizes that II systems must operate on rapidly changing, globally incoherent knowledge. What major research problems do you see at the intersection of distributed systems, databases, and ML to make that feasible at a large scale?",2026-01-14 18:16:57 -0800
Zachary,Gelman,F1227636-9A4F-11EA-8001-005056AE2541,zgelman@andrew.cmu.edu,10718-A,Graded,380835509,2.0,2.0,2.0,2.0,true,Presenter,2026-01-14 19:30:44 -0800
Johnna,Sundberg,1127FB36-E57A-11ED-8001-005056AE2541,jsundber@andrew.cmu.edu,10718-A,Graded,380913730,2.0,2.0,2.0,2.0,true,"This article is from 2019, and obviously predates LLMs. Do we think LLMs have helped or have the potential to solve IA or II system problems? ",2026-01-15 08:32:43 -0800
Ryan,Lau,951B723C-9DA2-11EB-8001-005056AE2541,rwlau@andrew.cmu.edu,10718-A,Graded,380883481,2.0,2.0,2.0,2.0,true,"Since the article was written over 4 years ago, has the recent advancements in large reasoning models challenged or reinforced the authors claim that IA and II remain as critical, independent problems to solve?",2026-01-15 05:36:16 -0800
Aditya,Katkuri,778ABC92-F01D-11EF-8001-005056AF7578,akatkuri@andrew.cmu.edu,10718-A,Graded,380849353,2.0,2.0,2.0,2.0,true,"1. Is human level AI actually a low bar? If an AI makes fewer mistakes than a human but makes weirder mistakes (like the ultrasound machine seeing white noise as a disease) do we forgive it? 

2. Why are we terrified of one robot crash but ignore thousands of human crashes?",2026-01-14 21:16:14 -0800
Maitreyi,Swaroop,209A22EC-F640-11EE-8001-005056AE2541,mswaroop@andrew.cmu.edu,10718-A,Graded,380907453,2.0,2.0,2.0,2.0,true,"Could there be a ""bitter lesson"" for II problems- that attempts to hand-design/encode fair, safe, human centric systems will eventually be outperformed by systems that simply learn from massive amounts of data about human behaviour and preferences (say, if we manage to reduce bias and other unwanted traits of the data)?",2026-01-15 08:08:56 -0800
Yuchen,Shen,F12F10DE-C478-11ED-8001-005056AE2541,yuchens3@andrew.cmu.edu,10718-A,Graded,380899476,2.0,2.0,2.0,2.0,true,how should we incorporate the perspectives of social sciences and humanities into the development of AI?,2026-01-15 07:31:35 -0800
Yixi,Zhao,4E14E4BA-FCB0-11EF-8001-005056AF7578,yixiz@andrew.cmu.edu,10718-A,Graded,380898772,2.0,2.0,2.0,2.0,true,"Now that human-imitating AI has possessed intelligence on par with average human, and knowledge perhaps greater than all of us, can the author's concern about IA/II be addressed with modern systems like agentic AI? For example, could it resolve the issue of his wife's false positive diagnosis, where he believed contemporary AI wasn't the solution?",2026-01-15 07:25:01 -0800
Sheel,Shah,5A8A8D14-11DF-11F0-8001-005056AF7578,sheels@andrew.cmu.edu,10718-A,Graded,380665169,2.0,2.0,2.0,2.0,true,"Given the premise that we are currently building 'societal-scale inference systems' without any technical rigour of an established engineering discipline, how can we design these inference systems to know when they are 'untrustable' because the data they were trained on doesn't match the current situation? I think this is just as hard as knowing when to re-do an old study that used different machines for measurement, and, in a sense, also a problem with established disciplines.",2026-01-14 01:00:55 -0800
Prina,Doshi,19A98460-A192-11EB-8001-005056AE2541,phdoshi@andrew.cmu.edu,10718-A,Graded,380902793,2.0,2.0,2.0,2.0,true,"Since this article was written, the developments in generative AI have led to many advancements for human-imitative AI. Companies and researchers are applying these to other associated advancements in the II and IA areas. Would generative AI be able to overcome the difficulties mentioned in the article about solving II / IA problems without necessarily having dedicated problem solving in their own domains?",2026-01-15 08:03:45 -0800
Kadin,Zhang,E9051EF4-A403-11EB-8001-005056AE2541,kadinz@andrew.cmu.edu,10718-A,Graded,380914919,2.0,2.0,2.0,2.0,true,How can we facilitate AI being treated as an engineering discipline when money is being poured into superintelligence ideas?,2026-01-15 08:39:45 -0800
Aditya,Mittal,D7BDA156-C6C2-11EC-8001-005056AE2541,akmittal@andrew.cmu.edu,10718-A,Graded,380938359,2.0,2.0,2.0,2.0,true,What risks grow when leaders frame systems as intelligent rather than engineered?,2026-01-15 10:42:12 -0800
Dani,Roytburg,BDA45134-06DE-11F0-8001-005056AF7578,droytbur@andrew.cmu.edu,10718-A,Graded,380893005,2.0,2.0,2.0,2.0,true,"I really enjoyed M. Jordan's personally-driven position here. It reads as a commentary on human agency in the wake of big data, perhaps speaking to something other than the ""we can talk to computers"" challenges which we face today.

Something exciting but terrifying in this message: ""we might imagine living our lives in a societal-scale medical system that sets up data flows and data-analysis flows between doctors and devices positioned in and around human bodies, thereby able to aid human intelligence in making diagnoses and providing care. The system would incorporate information from cells in the body, DNA, blood tests, environment, population genetics, and the vast scientific literature on drugs and treatments."" It's bizarre to consider this in light of Jure Leskovec's lecture here in early November, Prof. Lipton's work at Abridge, and other contemporary systems which threaten not only to mediate flows between the body and the doctor, but to remove the doctor from the unsupervised passage, modeling, bootstrapping and sampling of patient information. Foucault rolling in his grave!

But perhaps this is a reactionary reading of the text, one which conveniently forgets that HMMs, Noisy-OR and other graphical models began with co-collaborative modeling in the 80's with U.Pitt doctors. And, even if human judgement is superseded by stronger decision-making agents for survival and life expectancy, who's to say that 

The argument in the title -- that the revolution ""hadn't happened"" in 2019, feels very true 6-and-a-half years on. Consider the empirics:
""success in human-imitative AI has in fact been limited; we are very far from realizing human-imitative AI aspirations. The thrill (and fear) of making even limited progress on human-imitative AI gives rise to levels of over-exuberance and media attention that is not present in other areas of engineering."" (solved for language, at least).

""consider self-driving cars. For such technology to be realized, a range of engineering problems will need to be solved that may have little relationship to human competencies (or human lack-of-competencies). The overall transportation system (an II system) will likely more closely resemble the current air-traffic control system than the current collection of loosely-coupled, forward-facing, inattentive human drivers. It will be vastly more complex than the current air-traffic control system, specifically in its use of massive amounts of data and adaptive statistical modeling to inform fine-grained decisions. Those challenges need to be in the forefront versus a potentially-distracting focus on human-imitative AI."" (potentially true, but it seems like unsupervised learning with soft actor-critics or PPO makes this suspect)


Finally, love the Wiener cybernetics reference at the end. It seems like we've forgotten this framework, not least due to its cooption by management consulting. Deeply agree that the control theory of observation and action is more proximate to cybernetic formulation than ""artificial intelligence"" -- would appreciate a discussion on the semantic origins of these two words.",2026-01-15 06:45:02 -0800
Olivia,Cheng,FD9033EA-0615-11F0-8001-005056AF7578,ogc@andrew.cmu.edu,10718-A,Graded,380803598,2.0,2.0,2.0,2.0,true,presenter,2026-01-14 15:51:09 -0800
Neal,Sodhi,E63D918A-B7BA-11EC-8001-005056AE2541,nsodhi@andrew.cmu.edu,10718-A,Graded,380911078,2.0,2.0,2.0,2.0,true,presenter,2026-01-15 08:19:32 -0800
Oliver,Zhang,B1CE6F2C-B496-11EC-8001-005056AE2541,tiannanz@andrew.cmu.edu,10718-A,Missing,,,2.0
Natalie,Sarabosing,1C4D191C-BAE0-11EC-8001-005056AE2541,nsarabos@andrew.cmu.edu,10718-A,Missing,,,2.0
Julia,Liu,E68C3646-83E9-11EC-8001-005056AE2541,juliahul@andrew.cmu.edu,10718-A,Missing,,,2.0
Ritabrata,Ray,C294B2F4-38F8-11EC-8001-FFFF26E713AC,ritabrar@andrew.cmu.edu,10718-A,Missing,,,2.0
Andrew,Zigerelli,451EDFCA-F5EE-11E3-8000-00144F799A7A,anz37@andrew.cmu.edu,10718-A,Missing,,,2.0
Qiuhong Anna,Wei,E15F7EDE-06A6-11EF-8001-005056AE2541,qiuhongw@andrew.cmu.edu,10718-A,Missing,,,2.0
Yixin,Dong,2D0233C0-FD53-11EE-8000-005056AE2541,yixind@andrew.cmu.edu,10718-A,Missing,,,2.0
Lex,Lei,75454472-054C-11F0-8001-005056AF7578,lexl@andrew.cmu.edu,10718-A,Missing,,,2.0
Jaskaran,Walia,808F6D4E-054C-11F0-8001-005056AF7578,jwalia@andrew.cmu.edu,10718-A,Missing,,,2.0
Arnav,Goel,3F831D48-1116-11F0-8001-005056AF7578,arnavgoe@andrew.cmu.edu,10718-A,Missing,,,2.0
Krish,Vijayan,C5BB4FD4-E38A-11EF-8001-005056AF7578,krishv@andrew.cmu.edu,10718-A,Missing,,,2.0
